{"theta0": 7560.195883057216, "theta1": -3473.4454404708745}